{"cameraMode":{"drawMode":0,"name":"Shaded","section":"Shading Mode"},"sceneLighting":false,"audioPlay":false,"sceneViewState":{"showFog":true,"showMaterialUpdate":false,"showSkybox":false,"showFlares":true,"showImageEffects":true,"showParticleSystems":true},"in2DMode":false,"pivot":{"x":-0.07742786407470703,"y":7.3712921142578129,"z":-0.30755773186683657},"rotation":{"x":0.023997671902179719,"y":-0.0027032047510147096,"z":0.00006490563100669533,"w":0.9997086524963379},"size":15.920119285583496,"orthographic":false}